{"cameraMode":{"drawMode":0,"name":"Shaded","section":"Shading Mode"},"sceneLighting":true,"audioPlay":false,"sceneViewState":{"showFog":true,"showMaterialUpdate":true,"showSkybox":true,"showFlares":true,"showImageEffects":true,"showParticleSystems":true},"in2DMode":false,"pivot":{"x":2.447119951248169,"y":-1.3287489414215088,"z":13.243980407714844},"rotation":{"x":0.07074598222970963,"y":-0.014970862306654454,"z":0.001061280257999897,"w":0.9973814487457275},"size":15.401622772216797,"orthographic":false}